sample	gene	ID	CLNSIG	AF	VEP_Gene	Exonic_Func	group new	hist
SAM_1	SLC2A9	4_9998441_G_A	Pathogenic	1e-04	ENSG00000109667	missense_variant	OMIMnotCPG	Lymph-CLL
SAM_2	FANCA	16_89813256_T_C	Pathogenic/Likely_pathogenic	8.681e-05	ENSG00000187741	missense_variant	CPG2	Ovary-AdenoCA
SAM_3	BRCA2	13_32911557_A_AT	Pathogenic	0	ENSG00000139618	frameshift_variant	CPG2	CNS-PiloAstro
SAM_4	ACO1	9_32429499_C_T	.	0	ENSG00000122729	stop_gained	SOD2	Lymph-CLL
SAM_5	FBXW4	10_103436129_G_A	.	7.981e-06	ENSG00000107829	stop_gained	NC	Stomach-AdenoCA
SAM_6	BRCA1	17_41245384_CAA_C	Pathogenic	0	ENSG00000012048	frameshift_variant	CPG2	Ovary-AdenoCA
SAM_7	BRCA1	17_41276044_ACT_A	Pathogenic	2e-04	ENSG00000012048	frameshift_variant	CPG2	Ovary-AdenoCA
SAM_8	BPIFB3	20_31643355_T_C	.	0.0012	ENSG00000186190	splice_donor_variant	NC	Ovary-AdenoCA
SAM_9	ABCC3	17_48735797_AC_A	.	3.977e-06	ENSG00000108846	frameshift_variant	NC	Eso-AdenoCA
SAM_10	ACO1	9_32418386_C_T	.	4.374e-05	ENSG00000122729	stop_gained	SOD2	Lymph-BNHL
SAM_11	ABCC3	17_48742513_G_T	.	7e-04	ENSG00000108846	splice_acceptor_variant	NC	Eso-AdenoCA
SAM_12	BRCA1	17_41245861_G_A	Pathogenic	2.795e-05	ENSG00000012048	stop_gained	CPG2	Breast-AdenoCA
SAM_13	UGT2A2	4_70504696_AT_A	.	2e-04	ENSG00000271271	frameshift_variant	NC	Breast-AdenoCA
SAM_14	SLC2A9	4_9922065_G_A	.	2.391e-05	ENSG00000109667	stop_gained	OMIMnotCPG	Breast-AdenoCA
SAM_14	SLC2A9	4_9943663_T_TA	.	1.193e-05	ENSG00000109667	frameshift_variant	OMIMnotCPG	Breast-AdenoCA
SAM_15	SLC2A9	4_10022903_C_G	.	7.984e-06	ENSG00000109667	splice_donor_variant	OMIMnotCPG	Normal
SAM_16	BPIFB3	20_31643355_T_C	.	0.0012	ENSG00000186190	splice_donor_variant	NC	Normal
SAM_17	SLC2A9	4_9998441_G_A	Pathogenic	1e-04	ENSG00000109667	missense_variant	OMIMnotCPG	Normal
SAM_18	ACO1	9_32433742_G_A	.	4.056e-06	ENSG00000122729	stop_gained	SOD2	Normal
SAM_19	ACPP	3_132075528_A_G	.	3.98e-05	ENSG00000014257	splice_acceptor_variant	SOD2	Normal
SAM_20	ACO1	9_32440553_C_T	.	1.592e-05	ENSG00000122729	stop_gained	SOD2	Normal
SAM_21	BPIFB3	20_31659974_G_A	.	6.76e-05	ENSG00000186190	splice_donor_variant	NC	Normal
SAM_22	SLC2A9	4_9943618_G_A	.	3.977e-06	ENSG00000109667	stop_gained	OMIMnotCPG	Normal
